date,game_id,temp_high,temp_low,precipitation,wind_speed,windy,weather_description
2015-03-25,400579352,68.2,50.5,0.028,8.5,0,Drizzle
2015-01-19,400578903,59.8,30.8,0.0,10.2,0,Partly cloudy
2015-03-30,400579393,66.2,39.7,0.15,12.7,0,Rain
2014-12-23,400578701,44.3,37.2,0.437,7.3,0,Rain
2015-01-03,400578776,50.7,42.5,0.272,5.7,0,Rain
2014-11-01,400578320,50.6,41.4,0.72,15.5,0,Rain
2014-11-25,400578490,61.8,51.0,0.106,9.7,0,Rain
2014-12-18,400578661,53.0,33.3,0.0,7.1,0,Partly cloudy
2015-04-01,400579404,70.3,47.1,0.0,9.4,0,Partly cloudy
2015-02-22,400579108,56.5,38.2,0.213,8.6,0,Drizzle
2014-10-29,400578296,77.8,59.1,0.035,9.6,0,Drizzle
2014-11-22,400578464,52.9,29.4,0.0,5.1,0,Partly cloudy
2014-12-06,400578568,53.0,41.5,0.232,12.8,0,Rain
2014-11-06,400578349,66.7,53.1,0.083,14.4,0,Drizzle
2015-01-22,400578917,55.9,35.2,0.0,5.7,0,Partly cloudy
2015-03-11,400579244,75.6,57.9,0.091,10.5,0,Drizzle
2015-03-28,400579379,50.2,34.9,0.0,11.6,0,Partly cloudy
2014-12-04,400578555,58.8,45.9,0.0,7.5,0,Partly cloudy
2014-11-29,400578516,53.1,30.5,0.0,9.2,0,Partly cloudy
2015-03-13,400579259,54.8,44.3,0.075,7.9,0,Drizzle
2015-02-11,400579075,52.7,29.7,0.0,9.2,0,Clear sky
2015-02-08,400579060,64.0,42.8,0.0,14.8,0,Partly cloudy
2014-12-28,400578736,58.8,46.9,0.213,11.1,0,Drizzle
2014-11-18,400578438,38.7,27.3,0.0,10.1,0,Partly cloudy
2015-01-18,400578892,56.4,38.0,0.024,13.3,0,Drizzle
2015-03-09,400579230,59.3,47.1,0.012,7.5,0,Drizzle
2015-04-08,400579452,82.7,56.9,0.004,7.0,0,Drizzle
2014-11-27,400578502,49.0,37.1,0.024,10.4,0,Drizzle
2015-03-07,400579203,56.2,26.5,0.0,8.4,0,Clear sky
2014-12-30,400578751,49.4,35.8,0.02,8.9,0,Drizzle
2014-11-08,400578363,57.9,36.3,0.0,7.2,0,Partly cloudy
2015-01-08,400578814,27.2,15.9,0.0,15.3,0,Partly cloudy
2015-01-25,400578944,54.2,27.9,0.0,9.4,0,Partly cloudy
2014-12-11,400578608,47.8,27.6,0.0,5.7,0,Partly cloudy
2015-01-15,400578866,42.5,29.8,0.016,5.4,0,Drizzle
2015-03-04,400579182,70.2,44.0,0.008,17.9,0,Drizzle
2015-04-13,400579494,72.4,53.6,0.016,9.2,0,Drizzle
2015-02-06,400579034,42.6,23.9,0.0,6.5,0,Partly cloudy
2014-12-21,400578687,49.7,36.7,0.0,5.6,0,Partly cloudy
2014-12-14,400578633,57.5,31.4,0.0,6.0,0,Clear sky
2015-04-04,400579429,68.9,47.9,0.0,15.6,0,Partly cloudy
2015-11-29,400828133,68.5,49.6,0.079,5.7,0,Drizzle
2015-12-08,400828191,58.6,36.8,0.0,5.7,0,Partly cloudy
2016-03-16,400828891,81.2,58.4,0.0,9.7,0,Partly cloudy
2015-12-10,400828207,64.4,46.0,0.0,8.3,0,Partly cloudy
2016-01-14,400828464,55.3,28.0,0.0,8.5,0,Partly cloudy
2016-03-05,400828799,53.7,30.9,0.02,7.1,0,Drizzle
2016-03-13,400828862,73.9,59.1,0.098,9.7,0,Drizzle
2016-04-08,400829065,59.5,46.8,0.004,10.4,0,Drizzle
2015-12-13,400828232,68.0,50.0,0.0,7.1,0,Partly cloudy
2016-02-09,400828661,39.4,29.9,0.016,13.2,0,Snow
2016-03-02,400828778,60.5,38.7,0.276,13.6,0,Rain
2016-03-21,400828930,54.6,35.4,0.0,10.1,0,Partly cloudy
2016-01-03,400828384,51.4,32.6,0.0,5.8,0,Partly cloudy
2015-12-31,400828361,63.9,56.0,0.327,7.9,0,Rain
2015-11-15,400828034,58.5,33.9,0.0,4.9,0,Partly cloudy
2016-04-01,400829015,71.6,62.5,0.843,15.7,0,Rain
2015-11-04,400827940,68.1,60.2,0.016,6.5,0,Drizzle
2016-01-18,400828503,35.1,24.6,0.0,10.0,0,Clear sky
2015-12-18,400828270,56.5,37.9,0.02,14.4,0,Drizzle
2016-03-08,400828824,70.9,42.2,0.0,7.7,0,Partly cloudy
2016-02-07,400828648,47.4,33.3,0.0,11.4,0,Partly cloudy
2015-12-29,400828345,71.6,63.1,0.39,13.8,0,Rain
2016-03-10,400828837,74.2,54.7,0.0,12.8,0,Partly cloudy
2015-11-26,400828102,62.2,37.0,0.0,7.3,0,Partly cloudy
2015-11-24,400828089,53.6,31.3,0.0,4.6,0,Partly cloudy
2016-01-17,400828490,46.5,34.9,0.043,10.8,0,Snow
2015-12-24,400828310,69.6,64.9,0.362,14.5,0,Rain
2015-11-12,400828000,70.6,47.7,0.0,18.4,0,Partly cloudy
2016-02-06,400828638,46.5,27.4,0.0,4.8,0,Partly cloudy
2016-03-14,400828875,74.8,58.5,0.067,9.9,0,Drizzle
2015-12-03,400828155,53.1,41.7,0.0,8.9,0,Partly cloudy
2015-11-01,400827926,60.6,55.8,0.878,7.1,0,Rain
2015-12-27,400828330,70.1,64.3,0.024,10.2,0,Drizzle
2016-04-14,400829106,64.9,43.8,0.0,7.5,0,Partly cloudy
2016-03-12,400828850,76.4,56.7,0.0,7.3,0,Partly cloudy
2015-11-28,400828114,66.3,45.2,0.0,4.6,0,Partly cloudy
2016-02-04,400828622,57.4,49.9,0.157,9.9,0,Rain
2016-01-24,400828542,41.5,21.3,0.0,10.6,0,Partly cloudy
2015-11-19,400828052,69.4,55.4,0.63,11.4,0,Rain
2016-03-19,400828915,65.7,47.8,0.504,11.1,0,Rain
2015-11-21,400828065,55.9,36.7,0.02,5.4,0,Drizzle
2017-03-18,400900425,70.0,48.0,0.157,14.8,0,Rain
2017-04-05,400900543,69.6,52.3,0.311,16.6,0,Rain
2016-12-10,400899779,40.7,25.3,0.0,4.6,0,Partly cloudy
2017-04-08,400900567,63.7,38.7,0.0,8.6,0,Partly cloudy
2016-11-24,400899663,70.4,49.0,0.118,8.2,0,Drizzle
2017-03-24,400900468,68.7,40.8,0.0,11.1,0,Partly cloudy
2017-03-28,400900498,79.4,59.5,0.185,14.4,0,Rain
2017-02-11,400900213,69.8,44.5,0.0,15.4,0,Partly cloudy
2016-12-24,400899884,58.9,41.7,0.047,8.6,0,Drizzle
2017-01-29,400900125,49.4,33.3,0.004,15.1,0,Drizzle
2016-12-04,400899734,46.1,40.6,0.654,5.4,0,Rain
2017-03-07,400900336,70.6,49.6,0.012,19.6,0,Drizzle
2017-03-31,400900522,75.0,59.0,0.276,19.8,0,Rain
2016-11-08,400899545,65.1,43.2,0.0,7.1,0,Partly cloudy
2017-03-20,400900439,67.6,33.9,0.0,7.9,0,Partly cloudy
2016-11-19,400899624,67.8,44.5,0.0,17.0,0,Partly cloudy
2017-02-14,400900226,64.0,36.6,0.0,9.6,0,Partly cloudy
2017-01-22,400900073,65.3,53.6,0.413,15.7,0,Rain
2016-12-08,400899763,51.4,38.3,0.0,9.9,0,Partly cloudy
2017-01-19,400900050,61.3,40.7,0.0,6.4,0,Partly cloudy
2016-11-02,400899506,78.5,55.1,0.0,5.1,0,Partly cloudy
2017-01-01,400899947,47.3,40.3,0.252,10.3,0,Rain
2017-02-10,400900199,51.1,26.7,0.0,13.5,0,Partly cloudy
2017-01-21,400900063,59.5,52.7,1.394,14.4,0,Rain
2017-03-12,400900371,49.3,31.5,0.248,10.9,0,Snow
2017-01-24,400900086,58.5,44.1,0.008,11.7,0,Drizzle
2016-12-02,400899365,55.8,39.7,0.0,7.2,0,Partly cloudy
2016-12-30,400899928,46.0,33.0,0.0,14.5,0,Clear sky
2017-03-13,400900386,46.2,28.4,0.276,11.6,0,Rain
2016-11-10,400899558,64.3,44.3,0.0,8.2,0,Clear sky
2017-02-08,400900184,69.3,49.0,0.28,11.6,0,Rain
2016-11-27,400899691,55.0,35.7,0.0,6.5,0,Partly cloudy
2016-11-30,400899710,71.8,62.9,0.622,14.5,0,Rain
2017-01-26,400900108,60.1,43.5,0.181,16.9,0,Rain
2017-01-05,400899950,45.0,30.3,0.0,8.5,0,Partly cloudy
2016-10-29,400899477,78.8,53.0,0.0,7.7,0,Partly cloudy
2017-03-26,400900482,73.5,55.6,0.004,12.5,0,Drizzle
2016-12-21,400899861,53.9,27.4,0.0,6.1,0,Partly cloudy
2017-03-11,400900360,48.1,36.6,0.0,8.0,0,Partly cloudy
2016-11-12,400899573,57.3,43.6,0.0,9.9,0,Partly cloudy
2016-11-22,400899651,57.8,31.8,0.0,5.6,0,Partly cloudy
2017-10-25,400974806,60.4,43.2,0.008,11.4,0,Drizzle
2018-01-13,400975364,53.5,27.4,0.0,13.7,0,Partly cloudy
2018-04-08,400975943,52.9,34.2,0.059,14.1,0,Drizzle
2018-04-01,400975889,72.8,43.6,0.0,8.7,0,Partly cloudy
2017-11-19,400974979,62.9,39.5,0.169,21.3,1,Rain
2018-01-18,400975399,33.9,6.0,0.0,8.6,0,Partly cloudy
2018-03-26,400975849,53.2,33.8,0.0,12.0,0,Partly cloudy
2017-12-19,400975192,68.0,42.3,0.0,9.5,0,Partly cloudy
2017-12-17,400975180,50.2,30.7,0.0,6.8,0,Partly cloudy
2017-10-20,400974770,76.9,47.0,0.0,6.9,0,Clear sky
2018-03-10,400975733,60.3,36.7,0.102,7.3,0,Drizzle
2017-11-01,400974856,71.3,48.6,0.0,7.4,0,Partly cloudy
2017-12-24,400975232,59.0,45.0,0.0,10.7,0,Partly cloudy
2017-12-28,400975252,34.6,21.7,0.0,10.3,0,Partly cloudy
2017-11-23,400975004,54.0,36.4,0.0,9.9,0,Partly cloudy
2018-01-13,400975375,53.5,27.4,0.0,13.7,0,Partly cloudy
2018-01-11,400975349,67.5,48.1,0.106,16.6,0,Rain
2018-02-03,400975512,40.9,19.9,0.0,7.2,0,Partly cloudy
2017-12-05,400975090,69.7,51.9,0.102,14.9,0,Drizzle
2017-12-16,400975169,48.6,26.9,0.0,7.8,0,Partly cloudy
2017-11-26,400975028,57.6,40.0,0.0,8.9,0,Clear sky
2018-03-22,400975818,53.1,31.4,0.0,14.7,0,Partly cloudy
2017-12-21,400975205,53.5,45.1,0.0,7.8,0,Partly cloudy
2018-01-27,400975460,61.8,37.6,0.051,11.2,0,Drizzle
2017-11-21,400974992,62.2,37.9,0.126,6.2,0,Rain
2018-03-09,400975718,50.9,28.2,0.0,10.6,0,Partly cloudy
2017-10-27,400974821,69.6,44.8,0.0,9.6,0,Clear sky
2017-10-29,400974839,61.6,40.7,0.177,15.1,0,Drizzle
2018-01-21,400975422,64.0,33.7,0.0,7.2,0,Partly cloudy
2017-12-10,400975128,42.8,24.9,0.0,11.7,0,Clear sky
2018-03-28,400975862,69.0,43.0,0.004,16.8,0,Drizzle
2018-02-11,400975579,66.7,61.4,0.189,19.5,0,Drizzle
2018-02-25,400975638,67.9,61.0,0.106,13.8,0,Rain
2017-11-16,400974958,63.3,39.5,0.0,7.7,0,Partly cloudy
2018-01-25,400975447,49.7,29.2,0.0,6.5,0,Clear sky
2018-03-07,400975703,50.5,37.0,0.004,15.4,0,Drizzle
2018-01-23,400975433,60.7,46.1,0.205,20.9,1,Rain
2017-12-09,400975118,36.4,32.2,0.165,9.8,0,Snow
2018-02-28,400975653,53.7,45.0,0.157,8.1,0,Drizzle
2018-02-23,400975613,74.7,60.3,0.008,8.6,0,Drizzle
2017-12-07,400975109,49.9,42.0,0.0,5.1,0,Partly cloudy
2019-01-03,401071230,55.8,49.1,0.272,4.9,0,Drizzle
2019-04-05,401071853,62.5,52.2,1.004,11.6,0,Rain
2019-01-19,401071355,56.9,41.6,0.276,15.3,0,Rain
2019-04-11,401071895,76.0,51.4,0.0,11.6,0,Partly cloudy
2018-11-01,401070792,71.9,57.0,0.157,17.8,0,Rain
2019-03-26,401071780,55.7,44.4,0.004,13.0,0,Drizzle
2018-11-29,401070987,50.3,23.3,0.0,7.3,0,Partly cloudy
2019-02-24,401071557,67.0,42.0,0.055,20.7,1,Drizzle
2019-03-07,401071638,48.1,26.2,0.0,6.7,0,Partly cloudy
2018-12-08,401071049,41.9,34.4,0.303,10.7,0,Snow
2018-11-27,401070975,44.4,30.6,0.0,14.1,0,Partly cloudy
2019-02-28,401071584,60.9,46.8,0.13,7.0,0,Drizzle
2018-12-01,401071001,55.0,47.9,0.697,10.6,0,Rain
2019-01-29,401071417,52.7,30.3,0.185,15.8,0,Rain
2019-03-03,401071617,58.2,46.0,0.772,8.7,0,Rain
2019-03-09,401071650,51.2,40.4,0.122,7.4,0,Drizzle
2019-01-18,401071342,53.6,38.1,0.0,7.3,0,Partly cloudy
2018-12-29,401071193,59.4,47.9,0.0,8.2,0,Partly cloudy
2019-02-26,401071570,60.9,32.7,0.0,8.8,0,Partly cloudy
2019-02-23,401071546,44.8,41.1,0.311,9.1,0,Rain
2019-02-02,401071443,57.4,32.5,0.0,7.3,0,Clear sky
2018-11-07,401070830,69.9,49.3,0.087,7.6,0,Rain
2018-10-26,401070748,48.6,44.3,1.134,13.3,0,Rain
2019-03-21,401071747,57.1,41.5,0.157,11.0,0,Drizzle
2018-12-22,401071150,50.0,36.8,0.012,12.2,0,Drizzle
2018-12-16,401071111,57.1,39.7,0.0,10.8,0,Partly cloudy
2019-02-06,401071469,68.2,50.4,0.012,14.3,0,Drizzle
2018-11-18,401070906,57.8,36.1,0.0,6.4,0,Partly cloudy
2018-10-30,401070777,62.7,40.0,0.0,7.0,0,Clear sky
2019-03-19,401071732,52.1,32.5,0.0,9.4,0,Partly cloudy
2018-12-02,401071019,69.0,56.7,0.398,17.8,0,Rain
2019-02-03,401071449,60.8,40.1,0.0,6.9,0,Partly cloudy
2019-03-23,401071760,59.7,32.4,0.0,8.3,0,Clear sky
2018-11-20,401070920,58.5,43.6,0.0,10.8,0,Partly cloudy
2018-10-17,401070693,72.9,58.3,0.012,8.6,0,Drizzle
2018-11-22,401070933,53.2,37.0,0.0,8.4,0,Clear sky
2018-12-31,401071219,64.6,51.6,0.189,15.2,0,Rain
2018-12-15,401071102,56.1,44.3,0.382,9.8,0,Rain
2018-12-13,401071086,52.2,31.4,0.0,6.3,0,Partly cloudy
2018-12-20,401071136,62.3,41.4,2.13,16.3,0,Rain
2018-11-03,401070807,57.9,43.5,0.0,13.2,0,Partly cloudy
2020-01-07,401161181,53.2,37.5,0.122,16.4,0,Drizzle
2019-12-08,401160978,51.3,31.5,0.0,8.2,0,Partly cloudy
2020-01-24,401161311,55.5,39.2,0.646,15.5,0,Rain
2020-01-29,401161341,50.2,32.5,0.0,7.3,0,Partly cloudy
2020-03-06,401161568,54.0,38.5,0.004,19.6,0,Drizzle
2020-01-09,401161197,52.8,34.2,0.0,8.1,0,Partly cloudy
2020-03-04,401161551,57.2,44.2,0.0,10.1,0,Partly cloudy
2019-12-07,401160962,56.8,40.9,0.0,9.9,0,Partly cloudy
2019-12-18,401161043,46.6,31.6,0.0,14.3,0,Partly cloudy
2020-01-20,401161284,36.5,24.6,0.0,12.7,0,Clear sky
2020-02-27,401161506,47.8,34.9,0.0,15.4,0,Partly cloudy
2020-02-09,401161420,50.6,29.1,0.0,5.8,0,Partly cloudy
2019-11-24,401160868,54.8,41.3,0.008,12.3,0,Drizzle
2019-11-06,401160739,63.7,48.7,0.0,10.0,0,Partly cloudy
2020-02-23,401161478,55.6,30.0,0.0,8.6,0,Partly cloudy
2019-11-10,401160770,60.4,34.2,0.0,7.3,0,Clear sky
2019-12-28,401161109,64.7,43.5,0.0,4.6,0,Partly cloudy
2019-11-28,401160896,57.5,41.2,0.0,11.1,0,Partly cloudy
2019-11-14,401160796,40.8,24.4,0.0,5.9,0,Partly cloudy
2019-12-31,401161139,53.5,39.0,0.0,11.7,0,Clear sky
2020-03-01,401161537,54.5,24.3,0.0,8.3,0,Partly cloudy
2019-12-03,401160935,49.6,33.2,0.0,11.6,0,Partly cloudy
2019-12-05,401160948,57.3,37.3,0.0,9.9,0,Partly cloudy
2019-12-21,401161072,47.8,33.7,0.0,5.7,0,Partly cloudy
2019-11-16,401160809,48.3,41.9,0.047,18.2,0,Drizzle
2019-12-11,401160994,47.9,32.9,0.11,10.2,0,Drizzle
2019-10-25,401160660,70.8,52.2,0.02,8.0,0,Drizzle
2020-03-07,401161582,51.8,35.3,0.0,15.4,0,Partly cloudy
2019-10-23,401160625,64.6,49.3,0.0,6.9,0,Clear sky
2019-11-08,401160754,56.8,36.6,0.307,14.0,0,Rain
2020-02-04,401161383,65.8,52.4,0.012,12.7,0,Drizzle
2021-01-23,401267389,46.3,32.5,0.0,10.6,0,Clear sky
2021-02-21,401267619,45.6,24.1,0.0,9.5,0,Partly cloudy
2021-01-14,401267324,48.6,33.4,0.004,6.5,0,Drizzle
2021-01-02,401267229,63.2,43.2,0.126,10.3,0,Rain
2021-05-01,401307760,77.0,52.1,0.0,10.6,0,Partly cloudy
2021-01-30,401267448,43.0,24.9,0.02,6.5,0,Snow
2021-05-03,401307772,82.3,66.1,0.232,16.9,0,Rain
2021-02-06,401267502,49.6,29.7,0.102,6.5,0,Snow
2021-01-28,401267431,46.8,28.9,0.563,20.9,1,Rain
2021-04-27,401307731,81.5,52.7,0.0,12.0,0,Partly cloudy
2021-02-15,401267574,43.7,35.0,1.028,9.9,0,Rain
2021-02-07,401282286,49.8,34.0,0.606,11.1,0,Snow
2021-04-24,401307699,61.2,49.3,1.035,12.0,0,Rain
2021-01-31,401267459,40.4,35.1,0.689,9.3,0,Rain
2021-05-13,401307857,68.9,43.6,0.0,9.6,0,Partly cloudy
2021-02-04,401267487,47.8,23.2,0.0,7.9,0,Partly cloudy
2021-04-14,401307624,85.8,52.2,0.008,15.6,0,Drizzle
2021-05-08,401307811,73.0,48.7,0.0,16.2,0,Partly cloudy
2021-05-11,401307841,71.4,55.9,0.063,12.9,0,Drizzle
2021-03-12,401307311,74.7,51.2,0.0,9.3,0,Partly cloudy
2021-05-06,401307802,72.9,53.6,0.0,11.0,0,Partly cloudy
2021-02-09,401267527,62.9,40.6,0.0,10.0,0,Partly cloudy
2021-01-10,401267294,46.8,24.8,0.0,7.6,0,Partly cloudy
2021-03-14,401307371,70.8,52.7,0.012,7.8,0,Drizzle
2021-04-25,401307712,70.8,52.0,0.024,13.8,0,Drizzle
2021-02-13,401267555,37.2,32.7,0.98,10.3,0,Rain
2021-04-11,401307599,76.2,58.4,0.0,19.2,0,Partly cloudy
2021-05-09,401307828,83.7,52.3,0.008,19.0,0,Drizzle
2021-03-27,401307475,72.9,55.3,0.248,7.9,0,Rain
2020-12-28,401267192,54.9,34.6,0.0,9.9,0,Partly cloudy
2021-03-28,401307492,72.0,56.2,0.248,19.6,0,Rain
2021-04-18,401307660,72.1,50.9,0.0,8.5,0,Partly cloudy
2021-03-15,401307386,58.9,50.0,0.008,12.2,0,Drizzle
2020-12-27,401267182,49.7,24.5,0.0,6.7,0,Partly cloudy
2021-01-12,401267309,52.8,37.6,0.055,6.7,0,Drizzle
2021-04-14,401307620,85.8,52.2,0.008,15.6,0,Drizzle
2022-01-24,401360522,51.3,28.1,0.0,8.2,0,Partly cloudy
2021-12-28,401360320,70.7,55.0,0.0,14.4,0,Partly cloudy
2021-10-20,401359833,77.6,51.3,0.0,6.8,0,Partly cloudy
2022-02-05,401360606,48.4,31.8,0.0,13.5,0,Partly cloudy
2022-04-07,401361015,72.1,57.2,0.083,15.3,0,Drizzle
2022-02-28,401360734,58.3,33.2,0.0,9.1,0,Clear sky
2021-12-09,401360190,49.5,33.0,0.0,7.4,0,Partly cloudy
2022-02-26,401360715,53.6,40.5,0.024,11.2,0,Drizzle
2022-03-23,401360903,69.8,57.0,0.512,18.9,0,Rain
2021-11-15,401360018,57.8,40.9,0.0,9.2,0,Partly cloudy
2021-12-11,401360206,73.3,50.5,0.535,22.7,1,Rain
2022-01-06,401360386,56.5,36.2,0.024,14.4,0,Drizzle
2022-03-09,401360794,60.6,49.4,0.89,12.1,0,Rain
2022-01-30,401360571,48.8,21.8,0.0,13.2,0,Partly cloudy
2022-03-10,401360800,50.8,42.9,0.024,10.5,0,Drizzle
2022-01-22,401360503,35.7,19.5,0.043,9.1,0,Snow
2021-12-07,401360177,59.3,38.0,0.0,13.1,0,Partly cloudy
2022-03-19,401360878,73.6,55.4,0.13,21.5,1,Rain
2022-02-06,401360616,43.0,24.1,0.0,8.1,0,Partly cloudy
2021-10-25,401359865,79.1,61.7,0.059,14.3,0,Drizzle
2022-01-03,401360368,56.5,33.6,1.717,27.9,1,Snow
2022-03-16,401360852,62.9,48.9,1.961,12.5,0,Rain
2022-02-10,401360645,62.8,35.3,0.0,15.6,0,Partly cloudy
2022-01-15,401360451,41.8,32.1,0.0,9.8,0,Partly cloudy
2021-11-18,401360037,73.0,51.5,0.004,15.5,0,Drizzle
2022-01-11,401360426,41.8,26.6,0.0,11.9,0,Clear sky
2022-03-21,401360890,66.9,38.8,0.0,7.9,0,Partly cloudy
2021-11-13,401359998,61.4,44.2,0.0,10.0,0,Clear sky
2022-03-28,401360941,61.2,33.2,0.0,15.0,0,Partly cloudy
2022-02-13,401360665,49.0,33.3,0.016,11.2,0,Drizzle
2021-11-20,401360054,53.2,32.1,0.0,7.4,0,Partly cloudy
2022-02-18,401360704,67.6,41.8,0.224,23.5,1,Rain
2022-03-06,401360774,78.8,58.2,0.0,17.6,0,Partly cloudy
2021-10-31,401359914,69.3,49.0,0.0,11.0,0,Partly cloudy
2022-02-08,401360629,51.7,30.8,0.0,7.2,0,Partly cloudy
2021-11-01,401359918,67.8,44.9,0.0,7.4,0,Clear sky
2022-01-29,401360554,35.1,22.4,0.102,16.0,0,Snow
2022-01-09,401360411,56.2,31.5,0.303,10.3,0,Rain
2021-11-27,401360105,54.9,32.4,0.0,8.7,0,Partly cloudy
2022-04-10,401361036,65.6,34.0,0.0,8.6,0,Partly cloudy
2022-03-25,401360919,65.8,42.7,0.0,18.4,0,Partly cloudy
2023-01-03,401468706,68.7,53.2,0.323,15.2,0,Rain
2022-11-24,401468415,60.3,39.7,0.0,7.9,0,Partly cloudy
2022-10-29,401468237,64.6,51.9,0.008,9.6,0,Drizzle
2022-11-10,401468314,61.9,49.5,0.311,14.4,0,Rain
2022-11-05,401468288,75.7,61.9,0.587,13.5,0,Rain
2022-10-31,401468251,69.4,54.0,0.165,9.6,0,Drizzle
2023-02-28,401469074,73.7,54.8,0.0,17.9,0,Partly cloudy
2023-03-14,401469182,48.2,28.8,0.0,14.4,0,Partly cloudy
2022-12-10,401468532,51.9,45.3,0.031,6.1,0,Drizzle
2022-11-17,401468366,46.4,30.9,0.0,7.8,0,Partly cloudy
2023-01-27,401468887,46.2,27.2,0.0,7.5,0,Clear sky
2023-03-31,401469303,72.6,47.9,0.043,15.3,0,Drizzle
2023-01-05,401468719,63.0,42.1,0.0,14.1,0,Partly cloudy
2023-02-26,401469059,60.3,45.2,0.004,5.5,0,Drizzle
2023-01-01,401468694,59.4,47.7,0.008,7.9,0,Drizzle
2023-02-12,401469002,42.9,37.0,1.728,19.7,0,Rain
2023-03-17,401469202,66.8,49.6,0.48,20.6,1,Rain
2023-03-12,401469170,47.5,35.3,0.39,9.1,0,Snow
2023-03-26,401469268,69.3,55.9,0.354,12.4,0,Rain
2023-01-15,401468797,51.3,25.2,0.0,8.6,0,Partly cloudy
2022-12-06,401468507,53.8,42.3,0.177,4.6,0,Drizzle
2023-01-29,401468907,55.8,36.2,0.087,6.9,0,Rain
2022-11-08,401468299,67.3,53.2,0.0,12.2,0,Partly cloudy
2022-12-17,401468583,51.2,35.3,0.0,15.7,0,Partly cloudy
2022-12-15,401468569,49.1,38.7,0.953,15.5,0,Rain
2023-02-14,401469012,63.4,36.3,0.0,9.0,0,Partly cloudy
2023-03-04,401469101,65.8,51.3,0.0,14.8,0,Partly cloudy
2023-02-05,401468957,55.1,28.9,0.0,8.1,0,Partly cloudy
2022-12-03,401468481,61.3,49.7,0.106,12.5,0,Drizzle
2023-03-12,401469160,47.5,35.3,0.39,9.1,0,Snow
2023-04-07,401469357,67.8,44.9,0.61,18.2,0,Rain
2023-03-02,401469088,64.8,59.5,0.618,13.6,0,Rain
2022-12-30,401468678,55.4,36.7,0.047,7.6,0,Drizzle
2023-04-04,401469331,80.3,52.7,0.028,7.8,0,Drizzle
2022-11-25,401468427,64.7,47.7,0.374,8.4,0,Rain
2022-12-03,401468494,61.3,49.7,0.106,12.5,0,Drizzle
2022-10-21,401468172,64.5,37.1,0.0,6.6,0,Partly cloudy
2023-02-16,401469028,71.2,49.5,0.012,17.7,0,Drizzle
2023-03-20,401469226,50.5,25.7,0.0,10.5,0,Partly cloudy
2023-04-02,401469318,64.9,42.3,0.0,15.5,0,Partly cloudy
2023-01-16,401468811,53.9,28.0,0.0,7.0,0,Partly cloudy
2023-12-09,401616470,66.8,45.8,0.016,8.2,0,Drizzle
2023-11-21,401584845,62.7,48.2,1.512,12.2,0,Rain
2023-11-18,401584830,72.2,52.7,0.0,10.2,0,Partly cloudy
2023-11-15,401584105,59.4,46.2,0.0,6.2,0,Partly cloudy
2024-02-08,401585354,53.0,32.0,0.0,6.8,0,Partly cloudy
2024-01-28,401585275,62.0,45.0,0.039,18.0,0,Drizzle
2024-04-03,401585730,73.5,50.5,0.488,21.3,1,Rain
2023-10-27,401584705,76.7,55.9,0.0,5.8,0,Partly cloudy
2024-03-01,401585477,45.6,35.8,0.776,10.3,0,Rain
2023-11-23,401584853,56.0,36.5,0.0,7.2,0,Partly cloudy
2024-02-06,401585341,49.7,33.6,0.0,12.4,0,Clear sky
2024-03-29,401585690,68.6,38.7,0.0,16.8,0,Partly cloudy
2023-12-24,401585018,62.0,38.3,0.0,6.1,0,Partly cloudy
2024-01-11,401585146,54.3,31.7,0.0,7.9,0,Partly cloudy
2024-01-27,401585263,64.9,51.0,0.425,9.9,0,Rain
2023-11-09,401584785,81.3,58.1,0.008,9.9,0,Drizzle
2023-11-18,401584115,72.2,52.7,0.0,10.2,0,Partly cloudy
2024-01-09,401585134,62.8,37.5,1.555,26.6,1,Rain
2023-12-16,401584954,56.1,30.9,0.0,8.2,0,Partly cloudy
2024-01-20,401585212,30.3,20.0,0.0,13.5,0,Clear sky
2024-03-10,401585546,55.5,41.6,0.0,16.8,0,Clear sky
2023-10-25,401584691,72.3,45.3,0.0,6.7,0,Partly cloudy
2024-03-15,401585589,68.3,55.3,0.398,13.6,0,Rain
2024-04-07,401585763,64.0,37.2,0.0,8.4,0,Partly cloudy
2024-02-11,401585379,64.5,54.7,0.189,12.8,0,Drizzle
2023-10-30,401584729,81.4,60.7,0.0,12.6,0,Partly cloudy
2023-12-12,401584920,49.0,25.5,0.0,6.0,0,Partly cloudy
2024-04-09,401585772,61.8,55.4,0.201,9.5,0,Drizzle
2024-03-27,401585676,58.5,50.4,2.008,10.6,0,Rain
2023-12-17,401584963,49.5,43.6,1.874,17.9,0,Rain
2024-02-15,401585405,62.2,35.8,0.0,14.4,0,Partly cloudy
2024-03-06,401585513,59.8,54.0,0.701,11.1,0,Rain
2024-02-13,401585389,56.0,42.9,0.087,16.5,0,Rain
2024-04-01,401585715,79.2,59.5,0.0,11.4,0,Partly cloudy
2023-12-02,401584909,67.3,52.2,0.028,9.3,0,Drizzle
2024-02-04,401585335,51.4,29.8,0.0,10.1,0,Partly cloudy
2024-02-01,401585302,53.5,28.8,0.0,6.2,0,Partly cloudy
2024-03-31,401585707,78.5,49.7,0.0,10.3,0,Partly cloudy
2024-04-05,401585743,63.0,37.1,0.0,14.9,0,Partly cloudy
2024-01-21,401585221,39.0,17.7,0.0,9.4,0,Partly cloudy
2024-01-30,401585285,51.0,31.2,0.012,6.2,0,Drizzle
2025-03-25,401705611,75.9,47.8,0.008,18.5,0,Drizzle
2025-04-04,401705684,84.7,67.8,0.004,11.1,0,Drizzle
2024-10-30,401704683,76.6,56.5,0.0,7.8,0,Partly cloudy
2024-11-29,401703409,50.3,33.6,0.0,10.9,0,Partly cloudy
2024-11-30,401704866,45.8,29.9,0.0,9.4,0,Partly cloudy
2025-03-08,401705470,69.3,48.7,0.0,15.7,0,Partly cloudy
2024-11-09,401704750,66.3,52.2,0.004,11.1,0,Drizzle
2025-03-18,401705559,68.8,39.8,0.0,6.1,0,Clear sky
2025-01-26,401705203,51.7,28.9,0.0,7.6,0,Partly cloudy
2024-11-01,401704698,72.7,60.1,0.0,9.1,0,Partly cloudy
2025-03-31,401705655,75.7,62.0,0.232,13.5,0,Rain
2024-11-26,401704843,66.9,48.4,0.016,11.9,0,Drizzle
2025-03-08,401705478,69.3,48.7,0.0,15.7,0,Partly cloudy
2025-02-04,401705266,71.3,51.5,0.0,12.4,0,Partly cloudy
2024-12-31,401705008,63.1,43.6,0.0,17.3,0,Partly cloudy
2024-12-07,401704906,46.3,18.4,0.0,8.5,0,Clear sky
2024-11-07,401704735,77.4,63.3,0.291,6.1,0,Rain
2024-12-04,401703419,46.7,23.1,0.0,15.0,0,Partly cloudy
2025-02-08,401705300,65.6,48.8,0.02,11.2,0,Drizzle
2025-02-01,401705245,59.4,45.0,0.063,12.2,0,Rain
2025-04-06,401705699,80.2,65.8,0.201,13.6,0,Rain
2025-03-01,401705426,69.7,46.9,0.0,14.8,0,Partly cloudy
2025-01-25,401705196,46.3,23.7,0.0,6.7,0,Partly cloudy
2025-04-08,401705712,58.6,47.1,0.134,13.2,0,Rain
2025-03-06,401705458,50.5,36.4,0.0,17.3,0,Partly cloudy
2025-01-20,401705165,32.4,23.5,0.0,10.4,0,Clear sky
2024-12-17,401736815,63.7,48.7,0.0,10.0,0,Partly cloudy
2025-01-08,401705068,36.6,22.1,0.0,10.8,0,Partly cloudy
2024-12-24,401704957,49.4,27.0,0.0,5.8,0,Partly cloudy
2025-01-28,401705214,56.5,31.1,0.0,10.7,0,Partly cloudy
2024-10-26,401704654,80.2,53.3,0.0,14.5,0,Partly cloudy
2025-03-20,401705576,71.3,46.8,0.004,19.8,0,Drizzle
2024-11-16,401704795,61.5,43.8,0.0,7.4,0,Clear sky
2024-11-22,401704826,46.5,35.1,0.0,13.6,0,Partly cloudy
2024-11-02,401704707,72.5,58.6,0.004,9.1,0,Drizzle
2025-02-02,401705254,57.1,42.0,0.0,9.7,0,Partly cloudy
2024-11-28,401704852,64.9,45.1,0.106,15.9,0,Rain
2025-01-30,401705229,58.8,38.4,0.0,8.0,0,Partly cloudy
2024-12-28,401704994,56.8,42.9,0.142,5.7,0,Drizzle
2025-03-04,401705441,65.2,36.2,0.0,13.5,0,Partly cloudy
2025-02-06,401705283,68.7,41.8,0.012,11.9,0,Drizzle
2026-02-10,401810616,68.1,32.6,0.0,13.4,0,Partly cloudy
2025-11-16,401810084,76.7,56.2,0.0,17.1,0,Partly cloudy
2026-01-09,401810383,65.4,55.0,0.075,10.1,0,Drizzle
2025-12-07,401810214,44.9,31.7,0.0,3.0,0,Partly cloudy
2025-10-22,401809933,72.6,53.0,0.0,13.2,0,Clear sky
2026-01-08,401810371,66.1,43.5,0.0,7.5,0,Partly cloudy
2025-10-30,401809993,60.1,47.9,0.248,14.0,0,Rain
2025-11-29,401810149,44.6,25.2,0.0,7.6,0,Partly cloudy
2026-03-04,401810738,74.2,47.4,0.0,8.5,0,Partly cloudy
2026-02-02,401810567,34.0,8.9,0.0,7.8,0,Partly cloudy
2025-12-24,401810264,72.3,48.6,0.0,7.2,0,Partly cloudy
2025-11-27,401809803,51.6,38.1,0.0,12.5,0,Partly cloudy
2025-11-01,401809998,61.0,38.9,0.0,4.4,0,Clear sky
2025-11-22,401810123,79.3,61.2,0.028,14.3,0,Drizzle
2025-12-13,401836750,54.8,26.9,0.0,8.4,0,Partly cloudy
2025-12-30,401810302,42.5,27.1,0.0,9.4,0,Partly cloudy
2025-12-19,401810226,60.4,44.4,0.189,18.8,0,Rain
2026-02-20,401810647,78.2,61.9,0.15,16.2,0,Rain
2025-11-29,401809813,44.6,25.2,0.0,7.6,0,Partly cloudy
2026-01-24,401810500,39.7,23.6,0.0,12.4,0,Partly cloudy
2025-11-13,401810068,68.2,45.2,0.0,10.1,0,Partly cloudy
2025-11-11,401810053,45.6,28.0,0.0,13.1,0,Partly cloudy
2026-02-21,401810657,64.9,51.8,0.087,7.7,0,Rain
2025-12-31,401810317,49.3,27.4,0.0,10.7,0,Partly cloudy
2026-02-28,401810718,61.2,46.6,0.0,6.1,0,Partly cloudy
2026-02-12,401810630,57.2,36.8,0.0,8.9,0,Partly cloudy
2026-01-22,401810475,52.1,38.8,0.008,10.0,0,Drizzle
2026-03-07,401810764,78.0,62.2,0.008,13.7,0,Drizzle
2026-01-31,401810552,27.1,17.9,0.469,16.0,0,Snow
2026-01-26,401810512,38.4,19.4,0.0,12.9,0,Partly cloudy
2025-11-02,401810005,60.3,40.7,0.0,7.0,0,Partly cloudy
